{"ongoing_trials": {}, "hyperparameters": {"space": [{"class_name": "Int", "config": {"name": "num_hidden_layers", "default": null, "conditions": [], "min_value": 1, "max_value": 4, "step": 1, "sampling": "linear"}}, {"class_name": "Int", "config": {"name": "units_0", "default": null, "conditions": [], "min_value": 32, "max_value": 96, "step": 32, "sampling": "linear"}}, {"class_name": "Choice", "config": {"name": "activation_0", "default": "relu", "conditions": [], "values": ["relu", "tanh"], "ordered": false}}, {"class_name": "Float", "config": {"name": "dropout_0", "default": 0.0, "conditions": [], "min_value": 0.0, "max_value": 0.5, "step": 0.1, "sampling": "linear"}}, {"class_name": "Float", "config": {"name": "lr", "default": 0.0001, "conditions": [], "min_value": 0.0001, "max_value": 0.01, "step": null, "sampling": "log"}}, {"class_name": "Int", "config": {"name": "units_1", "default": null, "conditions": [], "min_value": 32, "max_value": 96, "step": 32, "sampling": "linear"}}, {"class_name": "Choice", "config": {"name": "activation_1", "default": "relu", "conditions": [], "values": ["relu", "tanh"], "ordered": false}}, {"class_name": "Float", "config": {"name": "dropout_1", "default": 0.0, "conditions": [], "min_value": 0.0, "max_value": 0.5, "step": 0.1, "sampling": "linear"}}, {"class_name": "Int", "config": {"name": "units_2", "default": null, "conditions": [], "min_value": 32, "max_value": 96, "step": 32, "sampling": "linear"}}, {"class_name": "Choice", "config": {"name": "activation_2", "default": "relu", "conditions": [], "values": ["relu", "tanh"], "ordered": false}}, {"class_name": "Float", "config": {"name": "dropout_2", "default": 0.0, "conditions": [], "min_value": 0.0, "max_value": 0.5, "step": 0.1, "sampling": "linear"}}, {"class_name": "Int", "config": {"name": "units_3", "default": null, "conditions": [], "min_value": 32, "max_value": 96, "step": 32, "sampling": "linear"}}, {"class_name": "Choice", "config": {"name": "activation_3", "default": "relu", "conditions": [], "values": ["relu", "tanh"], "ordered": false}}, {"class_name": "Float", "config": {"name": "dropout_3", "default": 0.0, "conditions": [], "min_value": 0.0, "max_value": 0.5, "step": 0.1, "sampling": "linear"}}], "values": {"num_hidden_layers": 1, "units_0": 32, "activation_0": "relu", "dropout_0": 0.0, "lr": 0.0001, "units_1": 32, "activation_1": "relu", "dropout_1": 0.0, "units_2": 32, "activation_2": "relu", "dropout_2": 0.0, "units_3": 32, "activation_3": "relu", "dropout_3": 0.0}}, "start_order": ["0000", "0001", "0002", "0003", "0004", "0005", "0006", "0007", "0008", "0009", "0010", "0011", "0012", "0013", "0014", "0015", "0016", "0017", "0018", "0019", "0020", "0021", "0022", "0023", "0024", "0025", "0026", "0027", "0028", "0029", "0030", "0031", "0032", "0033", "0034", "0035", "0036", "0037", "0038", "0039", "0040", "0041", "0042", "0043", "0044", "0045", "0046", "0047", "0048", "0049", "0050", "0051", "0052", "0053", "0054", "0055", "0056", "0057", "0058", "0059", "0060", "0061", "0062", "0063", "0064", "0065", "0066", "0067", "0068", "0069", "0070", "0071", "0072", "0073", "0074", "0075", "0076", "0077", "0078", "0079", "0080", "0081", "0082", "0083", "0084", "0085", "0086", "0087", "0088", "0089", "0090", "0091", "0092", "0093", "0094", "0095", "0096", "0097", "0098", "0099", "0100", "0101", "0102", "0103", "0104", "0105", "0106", "0107", "0108", "0109", "0110", "0111", "0112", "0113", "0114", "0115", "0116", "0117", "0118", "0119", "0120", "0121", "0122", "0123", "0124", "0125", "0126", "0127", "0128", "0129", "0130", "0131", "0132", "0133", "0134", "0135", "0136", "0137", "0138", "0139", "0140", "0141", "0142", "0143", "0144", "0145", "0146", "0147", "0148", "0149", "0150", "0151", "0152", "0153", "0154", "0155", "0156", "0157", "0158", "0159", "0160", "0161", "0162", "0163", "0164", "0165", "0166", "0167", "0168", "0169", "0170", "0171", "0172", "0173", "0174", "0175", "0176", "0177", "0178", "0179", "0180", "0181", "0182", "0183", "0184", "0185", "0186", "0187", "0188", "0189", "0190", "0191", "0192", "0193", "0194", "0195", "0196", "0197", "0198", "0199", "0200", "0201", "0202", "0203", "0204", "0205", "0206", "0207", "0208", "0209", "0210", "0211", "0212", "0213", "0214", "0215", "0216", "0217", "0218", "0219", "0220", "0221", "0222", "0223", "0224", "0225", "0226", "0227", "0228", "0229", "0230", "0231", "0232", "0233", "0234", "0235", "0236", "0237", "0238", "0239", "0240", "0241", "0242", "0243", "0244", "0245", "0246", "0247", "0248", "0249", "0250", "0251", "0252", "0253"], "end_order": ["0000", "0001", "0002", "0003", "0004", "0005", "0006", "0007", "0008", "0009", "0010", "0011", "0012", "0013", "0014", "0015", "0016", "0017", "0018", "0019", "0020", "0021", "0022", "0023", "0024", "0025", "0026", "0027", "0028", "0029", "0030", "0031", "0032", "0033", "0034", "0035", "0036", "0037", "0038", "0039", "0040", "0041", "0042", "0043", "0044", "0045", "0046", "0047", "0048", "0049", "0050", "0051", "0052", "0053", "0054", "0055", "0056", "0057", "0058", "0059", "0060", "0061", "0062", "0063", "0064", "0065", "0066", "0067", "0068", "0069", "0070", "0071", "0072", "0073", "0074", "0075", "0076", "0077", "0078", "0079", "0080", "0081", "0082", "0083", "0084", "0085", "0086", "0087", "0088", "0089", "0090", "0091", "0092", "0093", "0094", "0095", "0096", "0097", "0098", "0099", "0100", "0101", "0102", "0103", "0104", "0105", "0106", "0107", "0108", "0109", "0110", "0111", "0112", "0113", "0114", "0115", "0116", "0117", "0118", "0119", "0120", "0121", "0122", "0123", "0124", "0125", "0126", "0127", "0128", "0129", "0130", "0131", "0132", "0133", "0134", "0135", "0136", "0137", "0138", "0139", "0140", "0141", "0142", "0143", "0144", "0145", "0146", "0147", "0148", "0149", "0150", "0151", "0152", "0153", "0154", "0155", "0156", "0157", "0158", "0159", "0160", "0161", "0162", "0163", "0164", "0165", "0166", "0167", "0168", "0169", "0170", "0171", "0172", "0173", "0174", "0175", "0176", "0177", "0178", "0179", "0180", "0181", "0182", "0183", "0184", "0185", "0186", "0187", "0188", "0189", "0190", "0191", "0192", "0193", "0194", "0195", "0196", "0197", "0198", "0199", "0200", "0201", "0202", "0203", "0204", "0205", "0206", "0207", "0208", "0209", "0210", "0211", "0212", "0213", "0214", "0215", "0216", "0217", "0218", "0219", "0220", "0221", "0222", "0223", "0224", "0225", "0226", "0227", "0228", "0229", "0230", "0231", "0232", "0233", "0234", "0235", "0236", "0237", "0238", "0239", "0240", "0241", "0242", "0243", "0244", "0245", "0246", "0247", "0248", "0249", "0250", "0251", "0252", "0253"], "run_times": {"0000": 1, "0001": 1, "0002": 1, "0003": 1, "0004": 1, "0005": 1, "0006": 1, "0007": 1, "0008": 1, "0009": 1, "0010": 1, "0011": 1, "0012": 1, "0013": 1, "0014": 1, "0015": 1, "0016": 1, "0017": 1, "0018": 1, "0019": 1, "0020": 1, "0021": 1, "0022": 1, "0023": 1, "0024": 1, "0025": 1, "0026": 1, "0027": 1, "0028": 1, "0029": 1, "0030": 1, "0031": 1, "0032": 1, "0033": 1, "0034": 1, "0035": 1, "0036": 1, "0037": 1, "0038": 1, "0039": 1, "0040": 1, "0041": 1, "0042": 1, "0043": 1, "0044": 1, "0045": 1, "0046": 1, "0047": 1, "0048": 1, "0049": 1, "0050": 1, "0051": 1, "0052": 1, "0053": 1, "0054": 1, "0055": 1, "0056": 1, "0057": 1, "0058": 1, "0059": 1, "0060": 1, "0061": 1, "0062": 1, "0063": 1, "0064": 1, "0065": 1, "0066": 1, "0067": 1, "0068": 1, "0069": 1, "0070": 1, "0071": 1, "0072": 1, "0073": 1, "0074": 1, "0075": 1, "0076": 1, "0077": 1, "0078": 1, "0079": 1, "0080": 1, "0081": 1, "0082": 1, "0083": 1, "0084": 1, "0085": 1, "0086": 1, "0087": 1, "0088": 1, "0089": 1, "0090": 1, "0091": 1, "0092": 1, "0093": 1, "0094": 1, "0095": 1, "0096": 1, "0097": 1, "0098": 1, "0099": 1, "0100": 1, "0101": 1, "0102": 1, "0103": 1, "0104": 1, "0105": 1, "0106": 1, "0107": 1, "0108": 1, "0109": 1, "0110": 1, "0111": 1, "0112": 1, "0113": 1, "0114": 1, "0115": 1, "0116": 1, "0117": 1, "0118": 1, "0119": 1, "0120": 1, "0121": 1, "0122": 1, "0123": 1, "0124": 1, "0125": 1, "0126": 1, "0127": 1, "0128": 1, "0129": 1, "0130": 1, "0131": 1, "0132": 1, "0133": 1, "0134": 1, "0135": 1, "0136": 1, "0137": 1, "0138": 1, "0139": 1, "0140": 1, "0141": 1, "0142": 1, "0143": 1, "0144": 1, "0145": 1, "0146": 1, "0147": 1, "0148": 1, "0149": 1, "0150": 1, "0151": 1, "0152": 1, "0153": 1, "0154": 1, "0155": 1, "0156": 1, "0157": 1, "0158": 1, "0159": 1, "0160": 1, "0161": 1, "0162": 1, "0163": 1, "0164": 1, "0165": 1, "0166": 1, "0167": 1, "0168": 1, "0169": 1, "0170": 1, "0171": 1, "0172": 1, "0173": 1, "0174": 1, "0175": 1, "0176": 1, "0177": 1, "0178": 1, "0179": 1, "0180": 1, "0181": 1, "0182": 1, "0183": 1, "0184": 1, "0185": 1, "0186": 1, "0187": 1, "0188": 1, "0189": 1, "0190": 1, "0191": 1, "0192": 1, "0193": 1, "0194": 1, "0195": 1, "0196": 1, "0197": 1, "0198": 1, "0199": 1, "0200": 1, "0201": 1, "0202": 1, "0203": 1, "0204": 1, "0205": 1, "0206": 1, "0207": 1, "0208": 1, "0209": 1, "0210": 1, "0211": 1, "0212": 1, "0213": 1, "0214": 1, "0215": 1, "0216": 1, "0217": 1, "0218": 1, "0219": 1, "0220": 1, "0221": 1, "0222": 1, "0223": 1, "0224": 1, "0225": 1, "0226": 1, "0227": 1, "0228": 1, "0229": 1, "0230": 1, "0231": 1, "0232": 1, "0233": 1, "0234": 1, "0235": 1, "0236": 1, "0237": 1, "0238": 1, "0239": 1, "0240": 1, "0241": 1, "0242": 1, "0243": 1, "0244": 1, "0245": 1, "0246": 1, "0247": 1, "0248": 1, "0249": 1, "0250": 1, "0251": 1, "0252": 1, "0253": 1}, "retry_queue": [], "seed": 2717, "seed_state": 5107, "tried_so_far": ["b1a414b531a3f110836e7d8395fff8cb", "2d7d0ac96fe8d3cb4b04fab08bc51f03", "8c590f966004792296972fe471a99fbf", "cc4c606f4ebcc6057af303ab8f4c3b23", "f6c058f71dda2628abda3d875c27e7bf", "a6526bfe202af95fb3dd8363d3e933fd", "2135aa58894dcb62a46634a597911411", "cd441325af00d743d11c495e1073d4b2", "80f2981c7a8f10c08e83e5124cd5dc3f", "c5868061bc24ff9867d7344234b6f105", "5588464576cb948a51ac7eea22a18d24", "bb07c65be61114b876386edccba26027", "70b80deb69af520f28ed6f520412e19a", "87ac9e216a6a67b0580fe035aadafd64", "83a19157a398aa2cf3c4507d7360f940", "121f51b05803082ad0d2a7fae914aa7e", "5f77df3cd5a94e1841238efe8877ae29", "b23cd485b1d2bd0bb2cc9168e03d090a", "53b8d1e78c355b3681ee32640f25c7ff", "47d7873160276a99ae17c35da6cded02", "15a1008b99776ce00128e293832ca893", "72bd4a50855d9f85bcac1c0c065bbe41", "d8f1ea80821bd2494a0cc3426d97e724", "e16e88410764e2e8e1fe885e7815e770", "eaa2f4b8b1411b6fe4c186954322a554", "5f6362221e192cdcfaa3e1e0fa1910c1", "a04ee73a7a3226eb6c3dee6c3c534ad7", "31ae6c333af917529bd2477d24eee7cb", "a654b9cf0573a239a92eaa92fc874dc8", "6b56de4857c240db34c846d3ccbe11ff", "428f197a608f9b8b6691bc2ebbad45f7", "55332b3e223dafd4ece101aa6e88e25a", "e19996ae438c09505ec33ee1714f4722", "4ac0b88c5f4902a7f17e2e9916c64007", "a05e28d9297c0d6e181f38c296600ffe", "6f9e0dd63e3a5d8033343d01c841b9c5", "84d81c875a93937219bceff800249fef", "438bb3183596023378c27a76c31134e3", "3d8cabf50e5a1d56811739ea08bda5bc", "da9f12444454d3166019520a2aefeead", "839cf27d080967a7f01e420ea687b8fd", "d1ba2e27bb9bee0a8729fcbc35130419", "3d445a2b454d937aa57fe0ef496e8fbf", "ca26e63cb6625035bb650a4ec8e6aa58", "7b67bb97ae32216661347128e1ccbb3a", "e465fdbc23c2730138f83e307629aa09", "634042121c076203770424697cc6a993", "c78bed0c555b5187d4c3d611af16f9cb", "07b4fc90d14fc679f840df9112708210", "750fb33a48110f546cababfdecc86305", "7a51d4c422891cabd920c39f1ec6c68b", "cca169e7d564cac13d6b330bdcd97525", "e72fc711c103bea63342d01cef718cd4", "5f1f39de08f2c299d7ee5ea0cf03b9b8", "6b9ef9307929ea1be0477e83ccc4ffe0", "a44cb596f9d0952f989797d7d83b0b89", "e5ef3ffcae8a8e426dc6a01de953148a", "2f6db9f6da87b2805b89ab7e602b7062", "775654ad91f17a816a6e3a2fbf4eb80d", "173f382863abf34b5f3a6293369a531a", "199ffb4b6c7263cd866263508ad2f047", "1ae3020d9fbe1b3bc26a9d43dd6f26fe", "512af51f44d2bae3cdbcef08c9f5f42b", "dc372db7206bc2ab9db6bb63ce000e39", "8732c3a35e929cab2e0b79c5fe763b2f", "9bb4d08a5dd73044ebf88904677b672e", "2c9c3dde70f19832fb393bd66ea04858", "fea8bcdaf93e3cab70b81e3ab22dadfd", "47c10ea0593ea750982110b0a7f5e1d7", "5a32829103b9277ecbf14bebfd33daac", "607b5f09fc68dc4be3dfb43788f44c27", "e3f38e95009357f1a3605385ce70d737", "d96d58498a82d4b8bbcc3ade7d54c02f", "956ab0e39b5cf4dc6e14dbc8d2f9ce5e", "8d90b6591945aa793f33a9a90aac0fd0", "6c757354dbe9e674728541d023691a0d", "477eeea8777fe0d48d65b9497d3a2cfc", "1930d713fa3171968994aa13bde39dd9", "1a3e04083cbd6d2ed2ab7ad5bf27013c", "26900bae8c0d3e2b300074197bd57c27", "acb2cfca47a5507fc3c040bd6f7a6f4b", "cb06ead27450d4644f4c9f47986a5c98", "c1957c39007805efcebe92a1328a0e9e", "ce952ef2044c156f977dd42e91ea4111", "07a4e12ae667fb5f6e65cc4aa7e6e79c", "53f832a78ecb2f83c563537c99d7adea", "51a25b854735317710b61b6336b9d75f", "9e3f161593233dee40239965489bd01f", "df226b395bf6b7f8a07cebb08ce1fafa", "358e3d7fdb5ba7264879e14e3b05f49e", "1268c59940f0b9adf9df81e089e84dab", "6c2dfde99eb5ffd505a0225cc8a98dc0", "2fcde6ad9960a84f2714206fce8c7c51", "0738a4323be65985666feb9e925062ae", "3deddf4958b1056f85dcda597cd74557", "be1b3ac24fe5c1d860245a3067d258c2", "315f3d48c3b9607964977bab13b171c1", "b43a6a044a35df73e803ad9c5a454128", "8a12a8d46a7a1b787ffaee2e7868d9b5", "c0e0abb8333f8eaa0a262a66f3d4934f", "287f5ed714dc5c562e2e34f811f2ce72", "b35b68f5216ebe7e50fc1bc40be7c505", "4309f318b32707ba783ba59cf6cadbb8", "c3fe325d1a74b722ca99329164178240", "234a148fda24f71e33d2e899bcfc1d9d", "ab8c4073d94a95075b2cd1d717193035", "d24b24f240efcd3bef93b690ec66e6fc", "bb267376c81700836ada6e4fb47f5674", "7256a532d2a9bb318ae382128a2b16cd", "9b68b7234668323eb32abe10eb7c8e54", "cbf8db15e8708bdad1160aa4e026d608", "bac79905a423b756c22cc1a9e9d7c6dc", "1a7d81e9c63a14dde8b0f2fe38bbf3a9", "2866c0555f045098439004f97afe61ce", "c46d37c2f528e557c8ad597b1a2c0d58", "eb2556439d0542ba9c1e3a14887147d3", "b8ed5533a70f91ebb86b8d189cf63707", "fd5f9c9bb053526da787ec6930985c43", "7b6660f0398e4433835308d5767efb01", "d77eebf092714088ce78b6ed2ceed8b3", "8911d2830d342bad59bfdd2936951aeb", "1bb78c1e688825855aad328c9c78da05", "d123fbb1f8a985d8424ad1a49e0b8114", "86659f73c5d37c5744b9398e93209fbf", "eb77fbb8c92c69f6c73c9005da836f61", "eb241b1be34630b747ff2dcce38ab5c8", "c6f9ebffbf01bc0be540c5d2025e0335", "5ce0aff170c32f101ce98b11d69104e6", "1cd1f37ab24d78a146a5d03abb0ab0fe", "75eefeef62af5bbbf8e3ef99ad1e9ddc", "62dcce5fb8c5dc994226f57f8a89e567", "af05cef7a2dbceb2ef4904992a25c638", "b15590146d99a0a4027c5e8ffa4e04fc", "4c97eef711a906e7c6a3ee5d422f11e6", "95d8dd8c464647f6af937b89f032a102", "37f5925b11f024be1908c4c36d7ca11d", "d1a775b78eded0e008c150994a62a9d1", "792109bef4950d63c41ea60bbaf0b6e5", "de3697cb58e1e743e73d6af1411a0750", "bf3e6cc462c39f38f0ef7e27bd435e45", "a2f06dc194f9d470e9a28877fb872b65", "ac9369cac5c586fe629c6ff1c64afa1b", "0f2ca45c28a67b3f81734da91f79146c", "70f380a482fb90c1e9e76dbdfdb49ac0", "ef424dbf3a7b1429155f0ea2ece7c3aa", "05fa9d5d64367dd2038410d0272fd970", "9ae5479efa189c41b1c72f20bdd06cee", "03b7c31fa7ea41e9e020c9ce2b4719ca", "5f32175127240e10d4c211b8692b184c", "8667995587452ec980dbc8a5fc284773", "6d452e43e6611334ff2360a23e7e3962", "48b10cb70e313ceeab8f70430005541f", "18014076f61a58b1ae7864e5f7ebb8de", "c25fd1b3924ad585c9cdc7e3026221b9", "fb8a2ae3eac707733d6d5d0abf5dda00", "e90d8e747437ddd4aedb74bcaa902a00", "61c0840db6794f5bc6818bdfcf9d578c", "5d43b7584656a9581e174dc70c971b31", "ca33ea8a781d4e05422d8afd918c1738", "323d28f808e850b69259e30bf27f2e3c", "65fbe6a77e414f745301291a0819f427", "dd16a06f8ca7a347d78ee7cc49ae0ab0", "543d806ed4e0473f7e49e19e2eb10340", "c35b7d27c6e3745d3feca4dc0e553289", "cfc2f278a8d09292ef41237601e1873f", "72b1bc74be9625273032d8ec10c91246", "f6f02bb072139b17d25b0b5dbba9d3c0", "d42d71e348c0bb8ce1940ba7f647c1d4", "f4cfd3982ae3ff55fd12efbcffac0831", "7265e805e39a32515612f01f188cdbfb", "f21329da382c73ce7c6e35693e5326bc", "ba819fbba1bf29e725f7b82d67d942ee", "167e81ca3fd46c9f2d2811f1f9108766", "2cdecb1341847795bf6f6a9f52817199", "473f11c01a32fc67824f5fbfd099efc7", "0f2b45980573a5cb0517c3d5ad9a05fc", "25566050dd2c86d73b3814371b26a301", "5952652d5a9771dca2d63fce46a9f474", "05f898da3abead8e38bb6b4a26c1c01f", "00b4c65a6b1a09f8dcf4f76aa778903a", "cac3cb3f0d0cf9d7ed5d0ed3294167d5", "a04897e7566f27b5e8ff682ebe240c6e", "d86fffba510b7b061b5d48e10046dc36", "591d1571b8838cd6f3446bcca731ac35", "083d3e9bf6e7e1983ef3e06bb86a69d8", "b0661a3ff5539005b31d984f5e0a31a4", "46a77b98a6eb78049444e6d2e659f110", "ae8b5f330bd9edfda7eb4ac8c4e6154e", "3b0259c43e90af230d6738e56e6c22bf", "65caae8a2a65911cc33264f30c489f9c", "4da8f1d811cb9874262fa895f38497a6", "6a6026927c013b3035ee52812c34cb63", "0157fa73f8ca7fc544d9be3564f90c72", "4a90a1ed612ee8c6119528cb638f0fa5", "64ff16ec6daabe5027943c506044c534", "f8d0865b303dd05fc4a89c831667a1fd", "41a23895689848b7a52ae21659ac2f2b", "110cee20efa969e43669129c9cfdfc43", "8628356f71171c26485b1ba4222cf7b3", "89627e72b33702a2453a48490844bec5", "7a9aa3af9330f0292d671b3bfd2118ba", "72318473a4fd238ec4b50659cf7c709a", "6e7a2467506528ce10c8450fba404f30", "f9b1dc999ab63edfec4f70aa93ac50d0", "4f57005a98d1411ab3fdfac3d52affcc", "12e47c0a2271be4911c0b909d722dbb2", "20cc10fe72198c8dc6af9e2052567905", "a69fa53d86b5fcf4850d372e8780aebf", "51265cdc5ec4be7f442b9d1a53d8f258", "25261ae22968e5a5e891358bfe8f1bdf", "9c089e5b0758772b096d06f68542094b", "12d43fe7f130f152c381d6386831c405", "7dddae1a06ab1df46f3022775a8ad794", "2dbe9fd7e58cb156840d6ebeae8437e8", "2d2ca029aab1185defc8def59328538b", "32d1de9cf497761e141c163eea76b70c", "82c7325318a71791587f2b2d71ce9cd6", "f0bf852720347e98fbddae11e47b18ff", "4a1a6514ec3956706dec2109531a1e9b", "3896894c7742f0d19e6f42a4ab6e20ac", "87129c540458832079edbda1b3f8e135", "26c46c4201e14a8a27744797fa38b7d7", "3f25eed27a9c492c9fd2e44073cd4d49", "32dc11a5ef910d983478c0f9e909a09f", "a9b4f2e72d6616759e27f8c59d222422", "3cb951f0f829dd9f42fa7f631fde1c10", "fccb4a205b6476d5459cf8a42f0eee41", "c86bc7b3a817019b40ddcd35477cff8f", "7b92fe8f49f0f0e7feda199919a720e2", "047fc7483507bc0412546ba897af583f", "d9a5dd61ce06a8f4b54055df67fd81a5", "33d24219310cdf0045426295ec8bbf22", "3005fac42e346d988547705a7cfcc95c", "9ae06352013b6e16910a83697a239044", "18bef3565310b2e00a07b0452e0ae625", "2cceb3ca0341c322544978f275ba0ed7", "07eabf0b2518d29a47a1250eaca80373", "8660d7cded0481b6ea3469f839956ad4", "211015f1d8028db9b8a9f708c09dbb61", "6e30f852e68f6aeba00cbae297cebf74", "1553ecf169908c71e334feb18626e3ef", "470aa9f89b7cda443817df08ca845b77", "409d88b58ddd7ef7a3ee431a542f1d14", "bf665983deb2996f2f1b8388dd257399", "a40589a3695bda4a8960c2046481c836", "85b2c8003a593a5255e6a01dead4c1dd", "fac0f231d41aa42abe0cfec427bb810f", "970a1c3b4d2dc9e0ec96ef7788f273a3", "9c0d23ef0206ee98e7d86406d6b037f3", "b4970cd01eae1676e5ceb8cd93739c73", "9e7d7ad5981d8ab1dcf532ca789db254", "1babe4c4c1db6a4cb24a9d13cf87720d", "c5f2f9142dede1106a09f49a02c84515", "807f2dd6074cca72fea2dc09874fd298"], "id_to_hash": {"0000": "0157fa73f8ca7fc544d9be3564f90c72", "0001": "3deddf4958b1056f85dcda597cd74557", "0002": "95d8dd8c464647f6af937b89f032a102", "0003": "fd5f9c9bb053526da787ec6930985c43", "0004": "05f898da3abead8e38bb6b4a26c1c01f", "0005": "5ce0aff170c32f101ce98b11d69104e6", "0006": "fac0f231d41aa42abe0cfec427bb810f", "0007": "287f5ed714dc5c562e2e34f811f2ce72", "0008": "1268c59940f0b9adf9df81e089e84dab", "0009": "fccb4a205b6476d5459cf8a42f0eee41", "0010": "8667995587452ec980dbc8a5fc284773", "0011": "07eabf0b2518d29a47a1250eaca80373", "0012": "26c46c4201e14a8a27744797fa38b7d7", "0013": "6b56de4857c240db34c846d3ccbe11ff", "0014": "9ae5479efa189c41b1c72f20bdd06cee", "0015": "607b5f09fc68dc4be3dfb43788f44c27", "0016": "fb8a2ae3eac707733d6d5d0abf5dda00", "0017": "f0bf852720347e98fbddae11e47b18ff", "0018": "409d88b58ddd7ef7a3ee431a542f1d14", "0019": "839cf27d080967a7f01e420ea687b8fd", "0020": "2d2ca029aab1185defc8def59328538b", "0021": "5952652d5a9771dca2d63fce46a9f474", "0022": "32dc11a5ef910d983478c0f9e909a09f", "0023": "87ac9e216a6a67b0580fe035aadafd64", "0024": "31ae6c333af917529bd2477d24eee7cb", "0025": "20cc10fe72198c8dc6af9e2052567905", "0026": "8660d7cded0481b6ea3469f839956ad4", "0027": "be1b3ac24fe5c1d860245a3067d258c2", "0028": "121f51b05803082ad0d2a7fae914aa7e", "0029": "0738a4323be65985666feb9e925062ae", "0030": "2c9c3dde70f19832fb393bd66ea04858", "0031": "3cb951f0f829dd9f42fa7f631fde1c10", "0032": "c25fd1b3924ad585c9cdc7e3026221b9", "0033": "a654b9cf0573a239a92eaa92fc874dc8", "0034": "5f6362221e192cdcfaa3e1e0fa1910c1", "0035": "211015f1d8028db9b8a9f708c09dbb61", "0036": "bac79905a423b756c22cc1a9e9d7c6dc", "0037": "15a1008b99776ce00128e293832ca893", "0038": "a2f06dc194f9d470e9a28877fb872b65", "0039": "358e3d7fdb5ba7264879e14e3b05f49e", "0040": "b8ed5533a70f91ebb86b8d189cf63707", "0041": "e19996ae438c09505ec33ee1714f4722", "0042": "7b92fe8f49f0f0e7feda199919a720e2", "0043": "d1ba2e27bb9bee0a8729fcbc35130419", "0044": "a44cb596f9d0952f989797d7d83b0b89", "0045": "a04897e7566f27b5e8ff682ebe240c6e", "0046": "473f11c01a32fc67824f5fbfd099efc7", "0047": "25261ae22968e5a5e891358bfe8f1bdf", "0048": "ac9369cac5c586fe629c6ff1c64afa1b", "0049": "970a1c3b4d2dc9e0ec96ef7788f273a3", "0050": "2dbe9fd7e58cb156840d6ebeae8437e8", "0051": "9b68b7234668323eb32abe10eb7c8e54", "0052": "48b10cb70e313ceeab8f70430005541f", "0053": "65fbe6a77e414f745301291a0819f427", "0054": "9ae06352013b6e16910a83697a239044", "0055": "2135aa58894dcb62a46634a597911411", "0056": "c1957c39007805efcebe92a1328a0e9e", "0057": "8a12a8d46a7a1b787ffaee2e7868d9b5", "0058": "2f6db9f6da87b2805b89ab7e602b7062", "0059": "53f832a78ecb2f83c563537c99d7adea", "0060": "2866c0555f045098439004f97afe61ce", "0061": "dc372db7206bc2ab9db6bb63ce000e39", "0062": "477eeea8777fe0d48d65b9497d3a2cfc", "0063": "25566050dd2c86d73b3814371b26a301", "0064": "b35b68f5216ebe7e50fc1bc40be7c505", "0065": "cfc2f278a8d09292ef41237601e1873f", "0066": "7b67bb97ae32216661347128e1ccbb3a", "0067": "1babe4c4c1db6a4cb24a9d13cf87720d", "0068": "f6f02bb072139b17d25b0b5dbba9d3c0", "0069": "f6c058f71dda2628abda3d875c27e7bf", "0070": "5f77df3cd5a94e1841238efe8877ae29", "0071": "1ae3020d9fbe1b3bc26a9d43dd6f26fe", "0072": "03b7c31fa7ea41e9e020c9ce2b4719ca", "0073": "ce952ef2044c156f977dd42e91ea4111", "0074": "5f32175127240e10d4c211b8692b184c", "0075": "12d43fe7f130f152c381d6386831c405", "0076": "05fa9d5d64367dd2038410d0272fd970", "0077": "6e7a2467506528ce10c8450fba404f30", "0078": "d123fbb1f8a985d8424ad1a49e0b8114", "0079": "a40589a3695bda4a8960c2046481c836", "0080": "80f2981c7a8f10c08e83e5124cd5dc3f", "0081": "07a4e12ae667fb5f6e65cc4aa7e6e79c", "0082": "7256a532d2a9bb318ae382128a2b16cd", "0083": "6c2dfde99eb5ffd505a0225cc8a98dc0", "0084": "d77eebf092714088ce78b6ed2ceed8b3", "0085": "75eefeef62af5bbbf8e3ef99ad1e9ddc", "0086": "c35b7d27c6e3745d3feca4dc0e553289", "0087": "51a25b854735317710b61b6336b9d75f", "0088": "7dddae1a06ab1df46f3022775a8ad794", "0089": "bf665983deb2996f2f1b8388dd257399", "0090": "37f5925b11f024be1908c4c36d7ca11d", "0091": "b0661a3ff5539005b31d984f5e0a31a4", "0092": "12e47c0a2271be4911c0b909d722dbb2", "0093": "1cd1f37ab24d78a146a5d03abb0ab0fe", "0094": "af05cef7a2dbceb2ef4904992a25c638", "0095": "eb2556439d0542ba9c1e3a14887147d3", "0096": "b23cd485b1d2bd0bb2cc9168e03d090a", "0097": "a9b4f2e72d6616759e27f8c59d222422", "0098": "7b6660f0398e4433835308d5767efb01", "0099": "8732c3a35e929cab2e0b79c5fe763b2f", "0100": "e5ef3ffcae8a8e426dc6a01de953148a", "0101": "9c089e5b0758772b096d06f68542094b", "0102": "e90d8e747437ddd4aedb74bcaa902a00", "0103": "c5868061bc24ff9867d7344234b6f105", "0104": "5a32829103b9277ecbf14bebfd33daac", "0105": "ca33ea8a781d4e05422d8afd918c1738", "0106": "18bef3565310b2e00a07b0452e0ae625", "0107": "9c0d23ef0206ee98e7d86406d6b037f3", "0108": "7a9aa3af9330f0292d671b3bfd2118ba", "0109": "47d7873160276a99ae17c35da6cded02", "0110": "9bb4d08a5dd73044ebf88904677b672e", "0111": "110cee20efa969e43669129c9cfdfc43", "0112": "62dcce5fb8c5dc994226f57f8a89e567", "0113": "234a148fda24f71e33d2e899bcfc1d9d", "0114": "2cceb3ca0341c322544978f275ba0ed7", "0115": "72bd4a50855d9f85bcac1c0c065bbe41", "0116": "c78bed0c555b5187d4c3d611af16f9cb", "0117": "0f2b45980573a5cb0517c3d5ad9a05fc", "0118": "ae8b5f330bd9edfda7eb4ac8c4e6154e", "0119": "775654ad91f17a816a6e3a2fbf4eb80d", "0120": "acb2cfca47a5507fc3c040bd6f7a6f4b", "0121": "eaa2f4b8b1411b6fe4c186954322a554", "0122": "a6526bfe202af95fb3dd8363d3e933fd", "0123": "eb241b1be34630b747ff2dcce38ab5c8", "0124": "eb77fbb8c92c69f6c73c9005da836f61", "0125": "6b9ef9307929ea1be0477e83ccc4ffe0", "0126": "4da8f1d811cb9874262fa895f38497a6", "0127": "428f197a608f9b8b6691bc2ebbad45f7", "0128": "53b8d1e78c355b3681ee32640f25c7ff", "0129": "cca169e7d564cac13d6b330bdcd97525", "0130": "5588464576cb948a51ac7eea22a18d24", "0131": "6d452e43e6611334ff2360a23e7e3962", "0132": "470aa9f89b7cda443817df08ca845b77", "0133": "41a23895689848b7a52ae21659ac2f2b", "0134": "18014076f61a58b1ae7864e5f7ebb8de", "0135": "cbf8db15e8708bdad1160aa4e026d608", "0136": "d96d58498a82d4b8bbcc3ade7d54c02f", "0137": "55332b3e223dafd4ece101aa6e88e25a", "0138": "d9a5dd61ce06a8f4b54055df67fd81a5", "0139": "0f2ca45c28a67b3f81734da91f79146c", "0140": "d8f1ea80821bd2494a0cc3426d97e724", "0141": "ca26e63cb6625035bb650a4ec8e6aa58", "0142": "c0e0abb8333f8eaa0a262a66f3d4934f", "0143": "4ac0b88c5f4902a7f17e2e9916c64007", "0144": "807f2dd6074cca72fea2dc09874fd298", "0145": "2d7d0ac96fe8d3cb4b04fab08bc51f03", "0146": "6f9e0dd63e3a5d8033343d01c841b9c5", "0147": "956ab0e39b5cf4dc6e14dbc8d2f9ce5e", "0148": "f21329da382c73ce7c6e35693e5326bc", "0149": "00b4c65a6b1a09f8dcf4f76aa778903a", "0150": "4a1a6514ec3956706dec2109531a1e9b", "0151": "d1a775b78eded0e008c150994a62a9d1", "0152": "64ff16ec6daabe5027943c506044c534", "0153": "d24b24f240efcd3bef93b690ec66e6fc", "0154": "1930d713fa3171968994aa13bde39dd9", "0155": "3f25eed27a9c492c9fd2e44073cd4d49", "0156": "e72fc711c103bea63342d01cef718cd4", "0157": "2cdecb1341847795bf6f6a9f52817199", "0158": "f4cfd3982ae3ff55fd12efbcffac0831", "0159": "47c10ea0593ea750982110b0a7f5e1d7", "0160": "2fcde6ad9960a84f2714206fce8c7c51", "0161": "cb06ead27450d4644f4c9f47986a5c98", "0162": "65caae8a2a65911cc33264f30c489f9c", "0163": "8d90b6591945aa793f33a9a90aac0fd0", "0164": "b4970cd01eae1676e5ceb8cd93739c73", "0165": "5d43b7584656a9581e174dc70c971b31", "0166": "1a3e04083cbd6d2ed2ab7ad5bf27013c", "0167": "4a90a1ed612ee8c6119528cb638f0fa5", "0168": "3b0259c43e90af230d6738e56e6c22bf", "0169": "5f1f39de08f2c299d7ee5ea0cf03b9b8", "0170": "32d1de9cf497761e141c163eea76b70c", "0171": "750fb33a48110f546cababfdecc86305", "0172": "047fc7483507bc0412546ba897af583f", "0173": "da9f12444454d3166019520a2aefeead", "0174": "4f57005a98d1411ab3fdfac3d52affcc", "0175": "dd16a06f8ca7a347d78ee7cc49ae0ab0", "0176": "fea8bcdaf93e3cab70b81e3ab22dadfd", "0177": "d86fffba510b7b061b5d48e10046dc36", "0178": "70f380a482fb90c1e9e76dbdfdb49ac0", "0179": "83a19157a398aa2cf3c4507d7360f940", "0180": "ba819fbba1bf29e725f7b82d67d942ee", "0181": "c6f9ebffbf01bc0be540c5d2025e0335", "0182": "9e3f161593233dee40239965489bd01f", "0183": "3896894c7742f0d19e6f42a4ab6e20ac", "0184": "87129c540458832079edbda1b3f8e135", "0185": "86659f73c5d37c5744b9398e93209fbf", "0186": "c5f2f9142dede1106a09f49a02c84515", "0187": "72318473a4fd238ec4b50659cf7c709a", "0188": "ef424dbf3a7b1429155f0ea2ece7c3aa", "0189": "46a77b98a6eb78049444e6d2e659f110", "0190": "b43a6a044a35df73e803ad9c5a454128", "0191": "543d806ed4e0473f7e49e19e2eb10340", "0192": "b15590146d99a0a4027c5e8ffa4e04fc", "0193": "72b1bc74be9625273032d8ec10c91246", "0194": "70b80deb69af520f28ed6f520412e19a", "0195": "b1a414b531a3f110836e7d8395fff8cb", "0196": "8911d2830d342bad59bfdd2936951aeb", "0197": "51265cdc5ec4be7f442b9d1a53d8f258", "0198": "173f382863abf34b5f3a6293369a531a", "0199": "8628356f71171c26485b1ba4222cf7b3", "0200": "84d81c875a93937219bceff800249fef", "0201": "792109bef4950d63c41ea60bbaf0b6e5", "0202": "6e30f852e68f6aeba00cbae297cebf74", "0203": "f9b1dc999ab63edfec4f70aa93ac50d0", "0204": "3005fac42e346d988547705a7cfcc95c", "0205": "e3f38e95009357f1a3605385ce70d737", "0206": "1553ecf169908c71e334feb18626e3ef", "0207": "167e81ca3fd46c9f2d2811f1f9108766", "0208": "07b4fc90d14fc679f840df9112708210", "0209": "438bb3183596023378c27a76c31134e3", "0210": "ab8c4073d94a95075b2cd1d717193035", "0211": "a05e28d9297c0d6e181f38c296600ffe", "0212": "a69fa53d86b5fcf4850d372e8780aebf", "0213": "33d24219310cdf0045426295ec8bbf22", "0214": "89627e72b33702a2453a48490844bec5", "0215": "7a51d4c422891cabd920c39f1ec6c68b", "0216": "df226b395bf6b7f8a07cebb08ce1fafa", "0217": "083d3e9bf6e7e1983ef3e06bb86a69d8", "0218": "9e7d7ad5981d8ab1dcf532ca789db254", "0219": "3d8cabf50e5a1d56811739ea08bda5bc", "0220": "c46d37c2f528e557c8ad597b1a2c0d58", "0221": "7265e805e39a32515612f01f188cdbfb", "0222": "61c0840db6794f5bc6818bdfcf9d578c", "0223": "3d445a2b454d937aa57fe0ef496e8fbf", "0224": "4309f318b32707ba783ba59cf6cadbb8", "0225": "c86bc7b3a817019b40ddcd35477cff8f", "0226": "cac3cb3f0d0cf9d7ed5d0ed3294167d5", "0227": "6a6026927c013b3035ee52812c34cb63", "0228": "315f3d48c3b9607964977bab13b171c1", "0229": "bf3e6cc462c39f38f0ef7e27bd435e45", "0230": "cd441325af00d743d11c495e1073d4b2", "0231": "323d28f808e850b69259e30bf27f2e3c", "0232": "6c757354dbe9e674728541d023691a0d", "0233": "82c7325318a71791587f2b2d71ce9cd6", "0234": "199ffb4b6c7263cd866263508ad2f047", "0235": "e16e88410764e2e8e1fe885e7815e770", "0236": "8c590f966004792296972fe471a99fbf", "0237": "1a7d81e9c63a14dde8b0f2fe38bbf3a9", "0238": "d42d71e348c0bb8ce1940ba7f647c1d4", "0239": "1bb78c1e688825855aad328c9c78da05", "0240": "c3fe325d1a74b722ca99329164178240", "0241": "de3697cb58e1e743e73d6af1411a0750", "0242": "26900bae8c0d3e2b300074197bd57c27", "0243": "f8d0865b303dd05fc4a89c831667a1fd", "0244": "e465fdbc23c2730138f83e307629aa09", "0245": "bb07c65be61114b876386edccba26027", "0246": "591d1571b8838cd6f3446bcca731ac35", "0247": "bb267376c81700836ada6e4fb47f5674", "0248": "a04ee73a7a3226eb6c3dee6c3c534ad7", "0249": "85b2c8003a593a5255e6a01dead4c1dd", "0250": "512af51f44d2bae3cdbcef08c9f5f42b", "0251": "4c97eef711a906e7c6a3ee5d422f11e6", "0252": "cc4c606f4ebcc6057af303ab8f4c3b23", "0253": "634042121c076203770424697cc6a993"}, "display": {"search_start": "2023-11-15T21:32:22.065389", "trial_start": {"0000": "2023-11-15T21:32:22.065389", "0001": "2023-11-15T21:32:22.682009", "0002": "2023-11-15T21:32:23.214996", "0003": "2023-11-15T21:32:23.941810", "0004": "2023-11-15T21:32:24.552950", "0005": "2023-11-15T21:32:25.196001", "0006": "2023-11-15T21:32:25.660411", "0007": "2023-11-15T21:32:26.205040", "0008": "2023-11-15T21:32:26.777810", "0009": "2023-11-15T21:32:27.247239", "0010": "2023-11-15T21:32:27.713363", "0011": "2023-11-15T21:32:28.225097", "0012": "2023-11-15T21:32:28.700814", "0013": "2023-11-15T21:32:29.200534", "0014": "2023-11-15T21:32:29.850296", "0015": "2023-11-15T21:32:30.434313", "0016": "2023-11-15T21:32:31.013447", "0017": "2023-11-15T21:32:31.667222", "0018": "2023-11-15T21:32:32.259826", "0019": "2023-11-15T21:32:32.842124", "0020": "2023-11-15T21:32:33.324810", "0021": "2023-11-15T21:32:33.847442", "0022": "2023-11-15T21:32:34.490074", "0023": "2023-11-15T21:32:35.059534", "0024": "2023-11-15T21:32:35.632379", "0025": "2023-11-15T21:32:36.222555", "0026": "2023-11-15T21:32:36.787345", "0027": "2023-11-15T21:32:37.346515", "0028": "2023-11-15T21:32:37.895966", "0029": "2023-11-15T21:32:38.374556", "0030": "2023-11-15T21:32:38.906671", "0031": "2023-11-15T21:32:39.520864", "0032": "2023-11-15T21:32:39.999937", "0033": "2023-11-15T21:32:40.621542", "0034": "2023-11-15T21:32:41.237537", "0035": "2023-11-15T21:32:41.916379", "0036": "2023-11-15T21:32:42.565535", "0037": "2023-11-15T21:32:43.192719", "0038": "2023-11-15T21:32:43.811622", "0039": "2023-11-15T21:32:44.370031", "0040": "2023-11-15T21:32:44.921389", "0041": "2023-11-15T21:32:45.520503", "0042": "2023-11-15T21:32:46.054622", "0043": "2023-11-15T21:32:46.664937", "0044": "2023-11-15T21:32:47.147012", "0045": "2023-11-15T21:32:47.648537", "0046": "2023-11-15T21:32:48.191167", "0047": "2023-11-15T21:32:48.699436", "0048": "2023-11-15T21:32:49.305631", "0049": "2023-11-15T21:32:49.963645", "0050": "2023-11-15T21:32:50.509524", "0051": "2023-11-15T21:32:51.015462", "0052": "2023-11-15T21:32:51.667674", "0053": "2023-11-15T21:32:52.321217", "0054": "2023-11-15T21:32:52.895124", "0055": "2023-11-15T21:32:53.508398", "0056": "2023-11-15T21:32:54.143199", "0057": "2023-11-15T21:32:54.686268", "0058": "2023-11-15T21:32:55.274275", "0059": "2023-11-15T21:32:55.766667", "0060": "2023-11-15T21:32:56.410776", "0061": "2023-11-15T21:32:57.021203", "0062": "2023-11-15T21:32:57.686252", "0063": "2023-11-15T21:32:58.268057", "0064": "2023-11-15T21:32:58.777900", "0065": "2023-11-15T21:32:59.354127", "0066": "2023-11-15T21:33:00.039746", "0067": "2023-11-15T21:33:00.754321", "0068": "2023-11-15T21:33:01.394594", "0069": "2023-11-15T21:33:02.015889", "0070": "2023-11-15T21:33:02.635291", "0071": "2023-11-15T21:33:03.198002", "0072": "2023-11-15T21:33:03.809325", "0073": "2023-11-15T21:33:04.394708", "0074": "2023-11-15T21:33:05.080382", "0075": "2023-11-15T21:33:05.689310", "0076": "2023-11-15T21:33:06.264809", "0077": "2023-11-15T21:33:06.784491", "0078": "2023-11-15T21:33:07.303588", "0079": "2023-11-15T21:33:07.907501", "0080": "2023-11-15T21:33:08.483697", "0081": "2023-11-15T21:33:09.031037", "0082": "2023-11-15T21:33:09.702654", "0083": "2023-11-15T21:33:10.267272", "0084": "2023-11-15T21:33:10.787576", "0085": "2023-11-15T21:33:11.379576", "0086": "2023-11-15T21:33:11.913409", "0087": "2023-11-15T21:33:12.590933", "0088": "2023-11-15T21:33:13.261393", "0089": "2023-11-15T21:33:13.893496", "0090": "2023-11-15T21:33:14.528806", "0091": "2023-11-15T21:33:15.157840", "0092": "2023-11-15T21:33:15.751534", "0093": "2023-11-15T21:33:16.416438", "0094": "2023-11-15T21:33:17.005782", "0095": "2023-11-15T21:33:17.619592", "0096": "2023-11-15T21:33:18.291815", "0097": "2023-11-15T21:33:18.882465", "0098": "2023-11-15T21:33:19.424123", "0099": "2023-11-15T21:33:20.078801", "0100": "2023-11-15T21:33:20.626466", "0101": "2023-11-15T21:33:21.280533", "0102": "2023-11-15T21:33:21.926461", "0103": "2023-11-15T21:33:22.464417", "0104": "2023-11-15T21:33:23.011639", "0105": "2023-11-15T21:33:23.632771", "0106": "2023-11-15T21:33:24.324916", "0107": "2023-11-15T21:33:24.918384", "0108": "2023-11-15T21:33:25.562728", "0109": "2023-11-15T21:33:26.127163", "0110": "2023-11-15T21:33:26.731891", "0111": "2023-11-15T21:33:27.374035", "0112": "2023-11-15T21:33:28.104565", "0113": "2023-11-15T21:33:28.754695", "0114": "2023-11-15T21:33:29.399539", "0115": "2023-11-15T21:33:30.131192", "0116": "2023-11-15T21:33:30.866917", "0117": "2023-11-15T21:33:31.588108", "0118": "2023-11-15T21:33:32.290855", "0119": "2023-11-15T21:33:32.945326", "0120": "2023-11-15T21:33:33.542741", "0121": "2023-11-15T21:33:34.163075", "0122": "2023-11-15T21:33:34.789569", "0123": "2023-11-15T21:33:35.527215", "0124": "2023-11-15T21:33:36.170904", "0125": "2023-11-15T21:33:36.736531", "0126": "2023-11-15T21:33:37.440156", "0127": "2023-11-15T21:33:38.121176", "0128": "2023-11-15T21:33:38.743741", "0129": "2023-11-15T21:33:39.467911", "0130": "2023-11-15T21:33:40.171757", "0131": "2023-11-15T21:33:40.915442", "0132": "2023-11-15T21:33:42.020711", "0133": "2023-11-15T21:33:43.253737", "0134": "2023-11-15T21:33:44.480246", "0135": "2023-11-15T21:33:45.797785", "0136": "2023-11-15T21:33:47.245288", "0137": "2023-11-15T21:33:48.438608", "0138": "2023-11-15T21:33:49.535897", "0139": "2023-11-15T21:33:50.865317", "0140": "2023-11-15T21:33:52.180346", "0141": "2023-11-15T21:33:53.273997", "0142": "2023-11-15T21:33:54.821319", "0143": "2023-11-15T21:33:57.931123", "0144": "2023-11-15T21:34:00.798210", "0145": "2023-11-15T21:34:03.320131", "0146": "2023-11-15T21:34:05.557139", "0147": "2023-11-15T21:34:11.368226", "0148": "2023-11-15T21:34:18.901184", "0149": "2023-11-15T21:34:19.796703", "0150": "2023-11-15T21:34:20.609571", "0151": "2023-11-15T21:34:21.452242", "0152": "2023-11-15T21:34:22.213365", "0153": "2023-11-15T21:34:23.166902", "0154": "2023-11-15T21:34:23.918296", "0155": "2023-11-15T21:34:24.863123", "0156": "2023-11-15T21:34:25.712732", "0157": "2023-11-15T21:34:26.690888", "0158": "2023-11-15T21:34:27.535927", "0159": "2023-11-15T21:34:28.405874", "0160": "2023-11-15T21:34:29.300657", "0161": "2023-11-15T21:34:30.074608", "0162": "2023-11-15T21:34:31.036641", "0163": "2023-11-15T21:34:31.886035", "0164": "2023-11-15T21:34:32.850544", "0165": "2023-11-15T21:34:33.761276", "0166": "2023-11-15T21:34:34.590555", "0167": "2023-11-15T21:34:35.521227", "0168": "2023-11-15T21:34:36.311679", "0169": "2023-11-15T21:34:37.337153", "0170": "2023-11-15T21:34:38.170914", "0171": "2023-11-15T21:34:39.121872", "0172": "2023-11-15T21:34:40.115817", "0173": "2023-11-15T21:34:41.083400", "0174": "2023-11-15T21:34:41.985687", "0175": "2023-11-15T21:34:43.009754", "0176": "2023-11-15T21:34:43.966058", "0177": "2023-11-15T21:34:44.851751", "0178": "2023-11-15T21:34:45.637228", "0179": "2023-11-15T21:34:46.467645", "0180": "2023-11-15T21:34:47.259762", "0181": "2023-11-15T21:34:48.112547", "0182": "2023-11-15T21:34:49.031266", "0183": "2023-11-15T21:34:50.054678", "0184": "2023-11-15T21:34:51.003070", "0185": "2023-11-15T21:34:51.898002", "0186": "2023-11-15T21:34:52.694454", "0187": "2023-11-15T21:34:53.621178", "0188": "2023-11-15T21:34:54.490129", "0189": "2023-11-15T21:34:55.334704", "0190": "2023-11-15T21:34:56.442603", "0191": "2023-11-15T21:34:57.919635", "0192": "2023-11-15T21:34:59.468833", "0193": "2023-11-15T21:35:00.613391", "0194": "2023-11-15T21:35:01.900719", "0195": "2023-11-15T21:35:03.118032", "0196": "2023-11-15T21:35:04.540375", "0197": "2023-11-15T21:35:05.669831", "0198": "2023-11-15T21:35:06.790278", "0199": "2023-11-15T21:35:07.908897", "0200": "2023-11-15T21:35:09.036899", "0201": "2023-11-15T21:35:10.331637", "0202": "2023-11-15T21:35:11.594676", "0203": "2023-11-15T21:35:12.948333", "0204": "2023-11-15T21:35:15.972712", "0205": "2023-11-15T21:35:18.161680", "0206": "2023-11-15T21:35:20.630532", "0207": "2023-11-15T21:35:22.830774", "0208": "2023-11-15T21:35:25.034633", "0209": "2023-11-15T21:35:30.580518", "0210": "2023-11-15T21:35:36.192819", "0211": "2023-11-15T21:35:37.971416", "0212": "2023-11-15T21:35:39.991348", "0213": "2023-11-15T21:35:41.632775", "0214": "2023-11-15T21:35:43.375199", "0215": "2023-11-15T21:35:45.068509", "0216": "2023-11-15T21:35:46.430158", "0217": "2023-11-15T21:35:47.895701", "0218": "2023-11-15T21:35:49.873040", "0219": "2023-11-15T21:35:51.661347", "0220": "2023-11-15T21:35:53.305345", "0221": "2023-11-15T21:35:55.250322", "0222": "2023-11-15T21:35:56.922261", "0223": "2023-11-15T21:35:58.711650", "0224": "2023-11-15T21:36:00.127852", "0225": "2023-11-15T21:36:01.576277", "0226": "2023-11-15T21:36:03.393981", "0227": "2023-11-15T21:36:04.867908", "0228": "2023-11-15T21:36:06.634172", "0229": "2023-11-15T21:36:08.848639", "0230": "2023-11-15T21:36:11.623331", "0231": "2023-11-15T21:36:14.440507", "0232": "2023-11-15T21:36:17.046645", "0233": "2023-11-15T21:36:19.253556", "0234": "2023-11-15T21:36:22.089248", "0235": "2023-11-15T21:36:29.499743", "0236": "2023-11-15T21:36:35.274259", "0237": "2023-11-15T21:36:38.929780", "0238": "2023-11-15T21:36:43.236294", "0239": "2023-11-15T21:36:47.801745", "0240": "2023-11-15T21:36:50.959187", "0241": "2023-11-15T21:36:54.695482", "0242": "2023-11-15T21:36:58.465143", "0243": "2023-11-15T21:37:03.288704", "0244": "2023-11-15T21:37:07.305242", "0245": "2023-11-15T21:37:11.776945", "0246": "2023-11-15T21:37:17.421071", "0247": "2023-11-15T21:37:25.033582", "0248": "2023-11-15T21:37:31.885168", "0249": "2023-11-15T21:37:43.425518", "0250": "2023-11-15T21:37:54.153706", "0251": "2023-11-15T21:38:02.719352", "0252": "2023-11-15T21:38:11.968256", "0253": "2023-11-15T21:38:20.193461"}, "trial_number": {"0000": 1, "0001": 2, "0002": 3, "0003": 4, "0004": 5, "0005": 6, "0006": 7, "0007": 8, "0008": 9, "0009": 10, "0010": 11, "0011": 12, "0012": 13, "0013": 14, "0014": 15, "0015": 16, "0016": 17, "0017": 18, "0018": 19, "0019": 20, "0020": 21, "0021": 22, "0022": 23, "0023": 24, "0024": 25, "0025": 26, "0026": 27, "0027": 28, "0028": 29, "0029": 30, "0030": 31, "0031": 32, "0032": 33, "0033": 34, "0034": 35, "0035": 36, "0036": 37, "0037": 38, "0038": 39, "0039": 40, "0040": 41, "0041": 42, "0042": 43, "0043": 44, "0044": 45, "0045": 46, "0046": 47, "0047": 48, "0048": 49, "0049": 50, "0050": 51, "0051": 52, "0052": 53, "0053": 54, "0054": 55, "0055": 56, "0056": 57, "0057": 58, "0058": 59, "0059": 60, "0060": 61, "0061": 62, "0062": 63, "0063": 64, "0064": 65, "0065": 66, "0066": 67, "0067": 68, "0068": 69, "0069": 70, "0070": 71, "0071": 72, "0072": 73, "0073": 74, "0074": 75, "0075": 76, "0076": 77, "0077": 78, "0078": 79, "0079": 80, "0080": 81, "0081": 82, "0082": 83, "0083": 84, "0084": 85, "0085": 86, "0086": 87, "0087": 88, "0088": 89, "0089": 90, "0090": 91, "0091": 92, "0092": 93, "0093": 94, "0094": 95, "0095": 96, "0096": 97, "0097": 98, "0098": 99, "0099": 100, "0100": 101, "0101": 102, "0102": 103, "0103": 104, "0104": 105, "0105": 106, "0106": 107, "0107": 108, "0108": 109, "0109": 110, "0110": 111, "0111": 112, "0112": 113, "0113": 114, "0114": 115, "0115": 116, "0116": 117, "0117": 118, "0118": 119, "0119": 120, "0120": 121, "0121": 122, "0122": 123, "0123": 124, "0124": 125, "0125": 126, "0126": 127, "0127": 128, "0128": 129, "0129": 130, "0130": 131, "0131": 132, "0132": 133, "0133": 134, "0134": 135, "0135": 136, "0136": 137, "0137": 138, "0138": 139, "0139": 140, "0140": 141, "0141": 142, "0142": 143, "0143": 144, "0144": 145, "0145": 146, "0146": 147, "0147": 148, "0148": 149, "0149": 150, "0150": 151, "0151": 152, "0152": 153, "0153": 154, "0154": 155, "0155": 156, "0156": 157, "0157": 158, "0158": 159, "0159": 160, "0160": 161, "0161": 162, "0162": 163, "0163": 164, "0164": 165, "0165": 166, "0166": 167, "0167": 168, "0168": 169, "0169": 170, "0170": 171, "0171": 172, "0172": 173, "0173": 174, "0174": 175, "0175": 176, "0176": 177, "0177": 178, "0178": 179, "0179": 180, "0180": 181, "0181": 182, "0182": 183, "0183": 184, "0184": 185, "0185": 186, "0186": 187, "0187": 188, "0188": 189, "0189": 190, "0190": 191, "0191": 192, "0192": 193, "0193": 194, "0194": 195, "0195": 196, "0196": 197, "0197": 198, "0198": 199, "0199": 200, "0200": 201, "0201": 202, "0202": 203, "0203": 204, "0204": 205, "0205": 206, "0206": 207, "0207": 208, "0208": 209, "0209": 210, "0210": 211, "0211": 212, "0212": 213, "0213": 214, "0214": 215, "0215": 216, "0216": 217, "0217": 218, "0218": 219, "0219": 220, "0220": 221, "0221": 222, "0222": 223, "0223": 224, "0224": 225, "0225": 226, "0226": 227, "0227": 228, "0228": 229, "0229": 230, "0230": 231, "0231": 232, "0232": 233, "0233": 234, "0234": 235, "0235": 236, "0236": 237, "0237": 238, "0238": 239, "0239": 240, "0240": 241, "0241": 242, "0242": 243, "0243": 244, "0244": 245, "0245": 246, "0246": 247, "0247": 248, "0248": 249, "0249": 250, "0250": 251, "0251": 252, "0252": 253, "0253": 254}}, "hyperband_iterations": 1, "max_epochs": 100, "min_epochs": 1, "factor": 3, "brackets": [{"bracket_num": 0, "rounds": [[{"past_id": null, "id": "0248"}, {"past_id": null, "id": "0249"}, {"past_id": null, "id": "0250"}, {"past_id": null, "id": "0251"}, {"past_id": null, "id": "0252"}, {"past_id": null, "id": "0253"}]]}], "current_bracket": 0, "current_iteration": 0}