{"trial_id": "0201", "hyperparameters": {"space": [{"class_name": "Int", "config": {"name": "num_hidden_layers", "default": null, "conditions": [], "min_value": 1, "max_value": 4, "step": 1, "sampling": "linear"}}, {"class_name": "Int", "config": {"name": "units_0", "default": null, "conditions": [], "min_value": 32, "max_value": 96, "step": 32, "sampling": "linear"}}, {"class_name": "Choice", "config": {"name": "activation_0", "default": "relu", "conditions": [], "values": ["relu", "tanh"], "ordered": false}}, {"class_name": "Float", "config": {"name": "dropout_0", "default": 0.0, "conditions": [], "min_value": 0.0, "max_value": 0.5, "step": 0.1, "sampling": "linear"}}, {"class_name": "Float", "config": {"name": "lr", "default": 0.0001, "conditions": [], "min_value": 0.0001, "max_value": 0.01, "step": null, "sampling": "log"}}, {"class_name": "Int", "config": {"name": "units_1", "default": null, "conditions": [], "min_value": 32, "max_value": 96, "step": 32, "sampling": "linear"}}, {"class_name": "Choice", "config": {"name": "activation_1", "default": "relu", "conditions": [], "values": ["relu", "tanh"], "ordered": false}}, {"class_name": "Float", "config": {"name": "dropout_1", "default": 0.0, "conditions": [], "min_value": 0.0, "max_value": 0.5, "step": 0.1, "sampling": "linear"}}, {"class_name": "Int", "config": {"name": "units_2", "default": null, "conditions": [], "min_value": 32, "max_value": 96, "step": 32, "sampling": "linear"}}, {"class_name": "Choice", "config": {"name": "activation_2", "default": "relu", "conditions": [], "values": ["relu", "tanh"], "ordered": false}}, {"class_name": "Float", "config": {"name": "dropout_2", "default": 0.0, "conditions": [], "min_value": 0.0, "max_value": 0.5, "step": 0.1, "sampling": "linear"}}, {"class_name": "Int", "config": {"name": "units_3", "default": null, "conditions": [], "min_value": 32, "max_value": 96, "step": 32, "sampling": "linear"}}, {"class_name": "Choice", "config": {"name": "activation_3", "default": "relu", "conditions": [], "values": ["relu", "tanh"], "ordered": false}}, {"class_name": "Float", "config": {"name": "dropout_3", "default": 0.0, "conditions": [], "min_value": 0.0, "max_value": 0.5, "step": 0.1, "sampling": "linear"}}], "values": {"num_hidden_layers": 2, "units_0": 96, "activation_0": "tanh", "dropout_0": 0.1, "lr": 0.009519415634911517, "units_1": 64, "activation_1": "tanh", "dropout_1": 0.2, "units_2": 32, "activation_2": "relu", "dropout_2": 0.30000000000000004, "units_3": 64, "activation_3": "tanh", "dropout_3": 0.1, "tuner/epochs": 12, "tuner/initial_epoch": 4, "tuner/bracket": 3, "tuner/round": 1, "tuner/trial_id": "0169"}}, "metrics": {"metrics": {"loss": {"direction": "min", "observations": [{"value": [0.4488331377506256], "step": 1}]}, "accuracy": {"direction": "max", "observations": [{"value": [0.7836350798606873], "step": 1}]}, "val_loss": {"direction": "min", "observations": [{"value": [0.42453885078430176], "step": 1}]}, "val_accuracy": {"direction": "max", "observations": [{"value": [0.8198581337928772], "step": 1}]}}}, "score": 0.8198581337928772, "best_step": 1, "status": "COMPLETED", "message": null}