{"trial_id": "0203", "hyperparameters": {"space": [{"class_name": "Int", "config": {"name": "num_hidden_layers", "default": null, "conditions": [], "min_value": 1, "max_value": 4, "step": 1, "sampling": "linear"}}, {"class_name": "Int", "config": {"name": "units_0", "default": null, "conditions": [], "min_value": 32, "max_value": 96, "step": 32, "sampling": "linear"}}, {"class_name": "Choice", "config": {"name": "activation_0", "default": "relu", "conditions": [], "values": ["relu", "tanh"], "ordered": false}}, {"class_name": "Float", "config": {"name": "dropout_0", "default": 0.0, "conditions": [], "min_value": 0.0, "max_value": 0.5, "step": 0.1, "sampling": "linear"}}, {"class_name": "Float", "config": {"name": "lr", "default": 0.0001, "conditions": [], "min_value": 0.0001, "max_value": 0.01, "step": null, "sampling": "log"}}, {"class_name": "Int", "config": {"name": "units_1", "default": null, "conditions": [], "min_value": 32, "max_value": 96, "step": 32, "sampling": "linear"}}, {"class_name": "Choice", "config": {"name": "activation_1", "default": "relu", "conditions": [], "values": ["relu", "tanh"], "ordered": false}}, {"class_name": "Float", "config": {"name": "dropout_1", "default": 0.0, "conditions": [], "min_value": 0.0, "max_value": 0.5, "step": 0.1, "sampling": "linear"}}, {"class_name": "Int", "config": {"name": "units_2", "default": null, "conditions": [], "min_value": 32, "max_value": 96, "step": 32, "sampling": "linear"}}, {"class_name": "Choice", "config": {"name": "activation_2", "default": "relu", "conditions": [], "values": ["relu", "tanh"], "ordered": false}}, {"class_name": "Float", "config": {"name": "dropout_2", "default": 0.0, "conditions": [], "min_value": 0.0, "max_value": 0.5, "step": 0.1, "sampling": "linear"}}, {"class_name": "Int", "config": {"name": "units_3", "default": null, "conditions": [], "min_value": 32, "max_value": 96, "step": 32, "sampling": "linear"}}, {"class_name": "Choice", "config": {"name": "activation_3", "default": "relu", "conditions": [], "values": ["relu", "tanh"], "ordered": false}}, {"class_name": "Float", "config": {"name": "dropout_3", "default": 0.0, "conditions": [], "min_value": 0.0, "max_value": 0.5, "step": 0.1, "sampling": "linear"}}], "values": {"num_hidden_layers": 4, "units_0": 96, "activation_0": "tanh", "dropout_0": 0.0, "lr": 0.0007927569482609079, "units_1": 64, "activation_1": "tanh", "dropout_1": 0.0, "units_2": 64, "activation_2": "relu", "dropout_2": 0.4, "units_3": 96, "activation_3": "relu", "dropout_3": 0.0, "tuner/epochs": 34, "tuner/initial_epoch": 12, "tuner/bracket": 3, "tuner/round": 2, "tuner/trial_id": "0190"}}, "metrics": {"metrics": {"loss": {"direction": "min", "observations": [{"value": [0.42451950907707214], "step": 15}]}, "accuracy": {"direction": "max", "observations": [{"value": [0.7971246242523193], "step": 15}]}, "val_loss": {"direction": "min", "observations": [{"value": [0.40025871992111206], "step": 15}]}, "val_accuracy": {"direction": "max", "observations": [{"value": [0.8212766051292419], "step": 15}]}}}, "score": 0.8212766051292419, "best_step": 15, "status": "COMPLETED", "message": null}