{"trial_id": "0232", "hyperparameters": {"space": [{"class_name": "Int", "config": {"name": "num_hidden_layers", "default": null, "conditions": [], "min_value": 1, "max_value": 4, "step": 1, "sampling": "linear"}}, {"class_name": "Int", "config": {"name": "units_0", "default": null, "conditions": [], "min_value": 32, "max_value": 96, "step": 32, "sampling": "linear"}}, {"class_name": "Choice", "config": {"name": "activation_0", "default": "relu", "conditions": [], "values": ["relu", "tanh"], "ordered": false}}, {"class_name": "Float", "config": {"name": "dropout_0", "default": 0.0, "conditions": [], "min_value": 0.0, "max_value": 0.5, "step": 0.1, "sampling": "linear"}}, {"class_name": "Float", "config": {"name": "lr", "default": 0.0001, "conditions": [], "min_value": 0.0001, "max_value": 0.01, "step": null, "sampling": "log"}}, {"class_name": "Int", "config": {"name": "units_1", "default": null, "conditions": [], "min_value": 32, "max_value": 96, "step": 32, "sampling": "linear"}}, {"class_name": "Choice", "config": {"name": "activation_1", "default": "relu", "conditions": [], "values": ["relu", "tanh"], "ordered": false}}, {"class_name": "Float", "config": {"name": "dropout_1", "default": 0.0, "conditions": [], "min_value": 0.0, "max_value": 0.5, "step": 0.1, "sampling": "linear"}}, {"class_name": "Int", "config": {"name": "units_2", "default": null, "conditions": [], "min_value": 32, "max_value": 96, "step": 32, "sampling": "linear"}}, {"class_name": "Choice", "config": {"name": "activation_2", "default": "relu", "conditions": [], "values": ["relu", "tanh"], "ordered": false}}, {"class_name": "Float", "config": {"name": "dropout_2", "default": 0.0, "conditions": [], "min_value": 0.0, "max_value": 0.5, "step": 0.1, "sampling": "linear"}}, {"class_name": "Int", "config": {"name": "units_3", "default": null, "conditions": [], "min_value": 32, "max_value": 96, "step": 32, "sampling": "linear"}}, {"class_name": "Choice", "config": {"name": "activation_3", "default": "relu", "conditions": [], "values": ["relu", "tanh"], "ordered": false}}, {"class_name": "Float", "config": {"name": "dropout_3", "default": 0.0, "conditions": [], "min_value": 0.0, "max_value": 0.5, "step": 0.1, "sampling": "linear"}}], "values": {"num_hidden_layers": 1, "units_0": 64, "activation_0": "tanh", "dropout_0": 0.0, "lr": 0.0017892911614866354, "units_1": 64, "activation_1": "relu", "dropout_1": 0.30000000000000004, "units_2": 64, "activation_2": "relu", "dropout_2": 0.4, "units_3": 96, "activation_3": "relu", "dropout_3": 0.4, "tuner/epochs": 34, "tuner/initial_epoch": 12, "tuner/bracket": 2, "tuner/round": 1, "tuner/trial_id": "0223"}}, "metrics": {"metrics": {"loss": {"direction": "min", "observations": [{"value": [0.4274705648422241], "step": 11}]}, "accuracy": {"direction": "max", "observations": [{"value": [0.7923322916030884], "step": 11}]}, "val_loss": {"direction": "min", "observations": [{"value": [0.38697484135627747], "step": 11}]}, "val_accuracy": {"direction": "max", "observations": [{"value": [0.8241134881973267], "step": 11}]}}}, "score": 0.8241134881973267, "best_step": 11, "status": "COMPLETED", "message": null}