{"trial_id": "0209", "hyperparameters": {"space": [{"class_name": "Int", "config": {"name": "num_hidden_layers", "default": null, "conditions": [], "min_value": 1, "max_value": 4, "step": 1, "sampling": "linear"}}, {"class_name": "Int", "config": {"name": "units_0", "default": null, "conditions": [], "min_value": 32, "max_value": 96, "step": 32, "sampling": "linear"}}, {"class_name": "Choice", "config": {"name": "activation_0", "default": "relu", "conditions": [], "values": ["relu", "tanh"], "ordered": false}}, {"class_name": "Float", "config": {"name": "dropout_0", "default": 0.0, "conditions": [], "min_value": 0.0, "max_value": 0.5, "step": 0.1, "sampling": "linear"}}, {"class_name": "Float", "config": {"name": "lr", "default": 0.0001, "conditions": [], "min_value": 0.0001, "max_value": 0.01, "step": null, "sampling": "log"}}, {"class_name": "Int", "config": {"name": "units_1", "default": null, "conditions": [], "min_value": 32, "max_value": 96, "step": 32, "sampling": "linear"}}, {"class_name": "Choice", "config": {"name": "activation_1", "default": "relu", "conditions": [], "values": ["relu", "tanh"], "ordered": false}}, {"class_name": "Float", "config": {"name": "dropout_1", "default": 0.0, "conditions": [], "min_value": 0.0, "max_value": 0.5, "step": 0.1, "sampling": "linear"}}, {"class_name": "Int", "config": {"name": "units_2", "default": null, "conditions": [], "min_value": 32, "max_value": 96, "step": 32, "sampling": "linear"}}, {"class_name": "Choice", "config": {"name": "activation_2", "default": "relu", "conditions": [], "values": ["relu", "tanh"], "ordered": false}}, {"class_name": "Float", "config": {"name": "dropout_2", "default": 0.0, "conditions": [], "min_value": 0.0, "max_value": 0.5, "step": 0.1, "sampling": "linear"}}, {"class_name": "Int", "config": {"name": "units_3", "default": null, "conditions": [], "min_value": 32, "max_value": 96, "step": 32, "sampling": "linear"}}, {"class_name": "Choice", "config": {"name": "activation_3", "default": "relu", "conditions": [], "values": ["relu", "tanh"], "ordered": false}}, {"class_name": "Float", "config": {"name": "dropout_3", "default": 0.0, "conditions": [], "min_value": 0.0, "max_value": 0.5, "step": 0.1, "sampling": "linear"}}], "values": {"num_hidden_layers": 1, "units_0": 32, "activation_0": "tanh", "dropout_0": 0.2, "lr": 0.00510495841814135, "units_1": 32, "activation_1": "tanh", "dropout_1": 0.30000000000000004, "units_2": 64, "activation_2": "relu", "dropout_2": 0.2, "units_3": 32, "activation_3": "tanh", "dropout_3": 0.1, "tuner/epochs": 100, "tuner/initial_epoch": 34, "tuner/bracket": 3, "tuner/round": 3, "tuner/trial_id": "0207"}}, "metrics": {"metrics": {"loss": {"direction": "min", "observations": [{"value": [0.42879006266593933], "step": 12}]}, "accuracy": {"direction": "max", "observations": [{"value": [0.7951721549034119], "step": 12}]}, "val_loss": {"direction": "min", "observations": [{"value": [0.3899402916431427], "step": 12}]}, "val_accuracy": {"direction": "max", "observations": [{"value": [0.8269503712654114], "step": 12}]}}}, "score": 0.8269503712654114, "best_step": 12, "status": "COMPLETED", "message": null}