{"trial_id": "0132", "hyperparameters": {"space": [{"class_name": "Int", "config": {"name": "num_hidden_layers", "default": null, "conditions": [], "min_value": 1, "max_value": 4, "step": 1, "sampling": "linear"}}, {"class_name": "Int", "config": {"name": "units_0", "default": null, "conditions": [], "min_value": 32, "max_value": 96, "step": 32, "sampling": "linear"}}, {"class_name": "Choice", "config": {"name": "activation_0", "default": "relu", "conditions": [], "values": ["relu", "tanh"], "ordered": false}}, {"class_name": "Float", "config": {"name": "dropout_0", "default": 0.0, "conditions": [], "min_value": 0.0, "max_value": 0.5, "step": 0.1, "sampling": "linear"}}, {"class_name": "Float", "config": {"name": "lr", "default": 0.0001, "conditions": [], "min_value": 0.0001, "max_value": 0.01, "step": null, "sampling": "log"}}, {"class_name": "Int", "config": {"name": "units_1", "default": null, "conditions": [], "min_value": 32, "max_value": 96, "step": 32, "sampling": "linear"}}, {"class_name": "Choice", "config": {"name": "activation_1", "default": "relu", "conditions": [], "values": ["relu", "tanh"], "ordered": false}}, {"class_name": "Float", "config": {"name": "dropout_1", "default": 0.0, "conditions": [], "min_value": 0.0, "max_value": 0.5, "step": 0.1, "sampling": "linear"}}, {"class_name": "Int", "config": {"name": "units_2", "default": null, "conditions": [], "min_value": 32, "max_value": 96, "step": 32, "sampling": "linear"}}, {"class_name": "Choice", "config": {"name": "activation_2", "default": "relu", "conditions": [], "values": ["relu", "tanh"], "ordered": false}}, {"class_name": "Float", "config": {"name": "dropout_2", "default": 0.0, "conditions": [], "min_value": 0.0, "max_value": 0.5, "step": 0.1, "sampling": "linear"}}, {"class_name": "Int", "config": {"name": "units_3", "default": null, "conditions": [], "min_value": 32, "max_value": 96, "step": 32, "sampling": "linear"}}, {"class_name": "Choice", "config": {"name": "activation_3", "default": "relu", "conditions": [], "values": ["relu", "tanh"], "ordered": false}}, {"class_name": "Float", "config": {"name": "dropout_3", "default": 0.0, "conditions": [], "min_value": 0.0, "max_value": 0.5, "step": 0.1, "sampling": "linear"}}], "values": {"num_hidden_layers": 2, "units_0": 96, "activation_0": "relu", "dropout_0": 0.1, "lr": 0.0042198127756051884, "units_1": 96, "activation_1": "tanh", "dropout_1": 0.0, "units_2": 32, "activation_2": "relu", "dropout_2": 0.4, "units_3": 64, "activation_3": "relu", "dropout_3": 0.4, "tuner/epochs": 12, "tuner/initial_epoch": 4, "tuner/bracket": 4, "tuner/round": 2, "tuner/trial_id": "0104"}}, "metrics": {"metrics": {"loss": {"direction": "min", "observations": [{"value": [0.4284077286720276], "step": 0}]}, "accuracy": {"direction": "max", "observations": [{"value": [0.790557324886322], "step": 0}]}, "val_loss": {"direction": "min", "observations": [{"value": [0.40581679344177246], "step": 0}]}, "val_accuracy": {"direction": "max", "observations": [{"value": [0.8241134881973267], "step": 0}]}}}, "score": 0.8241134881973267, "best_step": 0, "status": "COMPLETED", "message": null}